ClearPass,6.7
Getting,NA
Getting,NA
ClearPass,NA
Manager,NA
ClearPass,NA
VMware,NA
ClearPass,6.7
Aruba,NA
ClearPass,6.7
Getting,NA
ClearPass,NA
ClearPass,NA
VMware,NA
Web,NA
Install,NA
ClearPass,NA
Virtual,NA
Install,NA
ClearPass,NA
Virtual,NA
ClearPass,NA
ClearPass,NA
ClearPass,NA
Manager,NA
Virtual,NA
ClearPass,NA
ClearPass,NA
Aruba,NA
ClearPass,NA
IT,NA
ClearPass,NA
VPN,NA
ClearPass,NA
IT,NA
ClearPass,6.7
Getting,NA
ClearPass,NA
Digital,NA
Google,NA
ClearPass,NA
AAA,NA
ClearPass,NA
AAA,NA
ClearPass,NA
ClearPass,NA
IT,NA
IT,NA
ClearPass,NA
Windows,NA
Windows,"8.x,"
Windows,NA
macOS,NA
Google,NA
macOS,NA
Windows,NA
macOS,NA
Mobile,NA
iOS,NA
Windows,NA
Internet,NA
Windows,7
Windows,8.x
ClearPass,NA
Internet,NA
IE,NA
VPN,NA
Virtual,NA
VMware,NA
SQL,NA
NAC,NA
Aruba,NA
SAML,2.0
ClearPass,6.7
Getting,NA
SAML,2.0
ClearPass,NA
Mobile,NA
Device,NA
Cloud,NA
Cloud,NA
OAuth,2.0
Google,NA
Device,NA
Secure,NA
Transport,NA
REST,NA
Alerting,NA
Internet,NA
MDM,NA
Device,NA
IPv6,NA
ClearPass,NA
ClearPass,NA
Manager,NA
Web,NA
SQL,NA
ClearPass,NA
MAC,NA
DHCP,NA
Windows,NA
ClearPass,NA
Manager,NA
IP,NA
IP,NA
MAC,NA
Secure,NA
ClearPass,NA
Ubuntu,NA
ClearPass,6.7
Getting,NA
capabilities,NA
IT,NA
VPN,NA
ClearPass,NA
Device,NA
ClearPass,NA
NAC,NA
capabilities,NA
ClearPass,NA
Manager,NA
Virtual,NA
ClearPass,NA
Manager,NA
ClearPass,6.7
Getting,NA
Virtual,NA
VMware,NA
ESX,NA
ESXi,NA
VMware,NA
Web,NA
Install,NA
ClearPass,NA
Virtual,NA
Install,NA
ClearPass,NA
Virtual,NA
ClearPass,NA
Virtual,NA
ClearPass,NA
Virtual,NA
VMware,NA
VMware,NA
ESXi,5.5
Update,1
Server,NA
Windows,NA
Server,NA
ClearPass,NA
MAC,NA
ClearPass,NA
Aruba,NA
BYOD,NA
ClearPass,6.7
Getting,NA
CAC,NA
TLS,NA
RADIUS,NA
Web,NA
SAML,v2.0
EAP-TTLS,NA
EAP-TLS,NA
EAP-MD5,NA
VPN,NA
OAuth,NA
NAP,NA
NAC,NA
SNMP,NA
SNMP,NA
MIB,NA
Common,NA
Secure,NA
Transport,NA
Oracle,NA
SQL,NA
server,NA
SQL,NA
SQL,NA
SAML,NA
OAuth,2.0)
Google,NA
Suite,NA
SAML,NA
OAuth,2.0)
IPv6,NA
Web,NA
CLI,NA
IPv6,NA
IPv6,NA
IPv6,NA
IPv6,NA
IPv6,NA
Virtual,NA
IP,NA
HTTP,NA
SNMP,NA
ClearPass,6.7
Getting,NA
MAC,NA
HTTP,NA
ClearPass,NA
ClearPass,NA
ClearPass,NA
ClearPass,NA
ClearPass,NA
ClearPass,NA
ClearPass,NA
C3000,NA
ClearPass,NA
Activating,NA
ClearPass,NA
ClearPass,NA
ClearPass,NA
ClearPass,NA
Aruba,NA
ClearPass,NA
Manager,NA
ClearPass,NA
Manager,NA
ClearPass,NA
Manager,NA
C3000,NA
ClearPass,NA
Web,NA
If,NA
iLO,NA
iLO,NA
Ethernet,NA
iLO,NA
ArubaOS,NA
server,NA
iLO,NA
IP,NA
C3000,NA
ClearPass,6.7
Getting,NA
SPAN,NA
ClearPass,NA
SPAN,NA
SPAN,NA
ClearPass,NA
C3000,NA
USB,NA
USB,v2.0
ClearPass,NA
VGA,NA
VGA,NA
ClearPass,NA
ClearPass,NA
ClearPass,NA
Manager,NA
server,NA
ClearPass,NA
SATA,NA
RAID,NA
ClearPass,NA
ClearPass,NA
ClearPass,6.7
Getting,NA
USB,NA
VGA,NA
ClearPass,NA
ClearPass,NA
Manager,NA
ClearPass,NA
ClearPass,NA
CPU,NA
GHz,NA
GB,NA
SATA,NA
ATA,NA
Please,NA
ClearPass,NA
AC,NA
VAC,NA
ClearPass,6.7
Getting,NA
AC,NA
ClearPass,NA
ClearPass,NA
Manager,NA
server,NA
ClearPass,NA
SATA,NA
LSI,NA
LSI,NA
ClearPass,NA
ClearPass,NA
ClearPass,NA
ClearPass,NA
USB,NA
iLO,NA
VGA,NA
ClearPass,6.7
Getting,NA
UID,NA
UID,NA
LED,NA
UID,NA
ROM,NA
UID,NA
If,NA
UID,NA
UID,NA
ID,NA
UID,NA
Virtual,NA
ClearPass,NA
ClearPass,NA
ClearPass,NA
ClearPass,NA
HPE,NA
CPU,NA
GB,NA
SATA,NA
HPE,NA
Virtual,NA
iLO,NA
Please,NA
ClearPass,NA
Install,NA
ClearPass,6.7
Getting,NA
HPE,NA
AC,NA
VDC,NA
HPE,NA
VAC,NA
AC,NA
VAC,NA
AC,NA
G?s,NA
ClearPass,NA
C3000,NA
ClearPass,NA
Manager,NA
C3000,NA
server,NA
ClearPass,NA
C3000,NA
SCSI,NA
LSI,NA
ClearPass,NA
ClearPass,NA
C3000,NA
ClearPass,NA
C3000,NA
ClearPass,6.7
Getting,NA
ClearPass,NA
C3000,NA
C3000,NA
UID,NA
LED,NA
UID,NA
LED,NA
UID,NA
ROM,NA
UID,NA
If,NA
UID,NA
UID,NA
ID,NA
UID,NA
Virtual,NA
USB,NA
iLO,NA
SPAN,NA
VGA,NA
ClearPass,NA
C3000,NA
ClearPass,6.7
Getting,NA
ClearPass,NA
C3000,NA
ClearPass,NA
C3000,NA
HPE,NA
GB,NA
SCSI,NA
HPE,NA
Please,NA
ClearPass,NA
Install,NA
HPE,NA
AC,NA
VAC,NA
AC,NA
ClearPass,6.7
Getting,NA
C3000,NA
ClearPass,NA
ClearPass,NA
ClearPass,NA
server,NA
ClearPass,NA
Server,NA
Manager,NA
IP,NA
IP,NA
DNS,NA
DNS,NA
NTP,NA
server,NA
IP,NA
IP,NA
ClearPass,6.7
Getting,NA
ClearPass,NA
ClearPass,NA
ClearPass,NA
Manager,NA
Manager,NA
ClearPass,NA
IP,NA
Subnet,NA
IP,NA
Subnet,NA
CLI,NA
If,NA
Changing,NA
ClearPass,NA
NTP,NA
NTP,NA
server,NA
ClearPass,6.7
Getting,NA
ClearPass,NA
Activating,NA
ClearPass,NA
ClearPass,NA
Manager,NA
ClearPass,NA
been,NA
ClearPass,NA
Manager,NA
IP,NA
ClearPass,NA
server,NA
SSL,NA
ClearPass,NA
Admin,NA
Activating,NA
ClearPass,NA
ClearPass,NA
ClearPass,NA
Manager,NA
Internet,NA
Aruba,NA
If,NA
ClearPass,NA
Manager,NA
Internet,NA
ClearPass,6.7
Getting,NA
If,NA
ClearPass,NA
server,NA
been,NA
Admin,NA
ClearPass,NA
Admin,NA
ClearPass,NA
ClearPass,NA
Configuring,NA
ClearPass,NA
ClearPass,NA
Manager,NA
ClearPass,6.7
Getting,NA
ClearPass,NA
Manager,NA
Changing,NA
ClearPass,NA
server,NA
Configuring,NA
ClearPass,NA
If,NA
Admin,NA
Admin,NA
Admin,NA
Admin,NA
ClearPass,6.7
Getting,NA
Changing,NA
ClearPass,NA
ClearPass,NA
CLI,NA
ClearPass,NA
Manager,NA
If,NA
ClearPass,NA
Manager,NA
Configuring,NA
ClearPass,NA
If,NA
VMware,NA
Please,NA
ClearPass,6.7
Getting,NA
Aruba,NA
Aruba,NA
been,NA
Aruba,NA
VMware,NA
Web,NA
Install,NA
ClearPass,NA
Virtual,NA
VMware,NA
Web,NA
ClearPass,NA
ClearPass,NA
Virtual,NA
ClearPass,NA
Web,NA
ClearPass,NA
ClearPass,NA
VMware,NA
Virtual,NA
Virtual,NA
ClearPass,NA
Virtual,NA
Virtual,NA
ClearPass,NA
ClearPass,NA
Virtual,NA
Updates,NA
Updates,NA
Changing,NA
ClearPass,NA
Virtual,NA
ClearPass,6.7
Getting,NA
VMware,NA
Web,NA
Server,NA
ESX,NA
VMware,NA
Web,NA
been,NA
Web,NA
VMware,NA
Please,NA
IOP,NA
ClearPass,NA
Manager,6.7
Virtual,NA
ClearPass,NA
If,NA
ClearPass,NA
Manager,NA
Manager,NA
VMware,NA
ClearPass,NA
VMware,NA
GB,NA
Virtual,NA
ClearPass,NA
ClearPass,NA
VM,NA
ClearPass,NA
Server,NA
ClearPass,NA
Manager,NA
ClearPass,NA
ClearPass,NA
VMware,NA
Windows,NA
Server,NA
Windows,NA
Server,NA
Windows,NA
Server,NA
Windows,NA
Server,NA
ClearPass,6.7
Getting,NA
Aruba,NA
ClearPassPolicy,NA
Manager,NA
ClearPassPolicy,NA
Manager,NA
ClearPassPolicy,NA
Manager,NA
ClearPassPolicy,NA
Manager,NA
ClearPass,NA
ClearPass,NA
ClearPass,NA
server,NA
ClearPass,NA
Server,NA
Manager,NA
IP,NA
IP,NA
DNS,NA
DNS,NA
NTP,NA
server,NA
IP,NA
IP,NA
ClearPass,6.7
Getting,NA
Web,NA
ClearPass,NA
ClearPass,NA
VMware,NA
ClearPass,NA
Manager,NA
VMware,NA
Web,NA
Manager,NA
Aruba,NA
server,NA
OVF,NA
OVF,NA
OVF,NA
ClearPass,NA
VMware,NA
Virtual,NA
ClearPass,NA
Manager,NA
VMware,NA
Web,NA
ClearPass,NA
Aruba,NA
ClearPass,NA
VMware,NA
Web,NA
VMware,NA
Web,NA
OVF,NA
If,NA
Web,NA
OVF,NA
OVF,NA
Selecting,NA
ClearPass,6.7
Getting,NA
Selecting,NA
ClearPass,NA
Manager,NA
ClearPass,NA
OVF,NA
Resource,NA
Selecting,NA
Resource,NA
If,NA
VMware,NA
ClearPass,NA
ClearPass,6.7
Getting,NA
Selecting,NA
ClearPass,NA
Aruba,NA
Configuring,NA
VM,NA
ClearPass,NA
Ready,NA
OVF,NA
OVF,NA
ClearPass,6.7
Getting,NA
Virtual,NA
OVF,NA
been,NA
ClearPass,NA
Manager,NA
Virtual,NA
ClearPass,6.7
Getting,NA
Editing,NA
Virtual,NA
ClearPass,NA
Manager,NA
ClearPass,NA
Device,NA
Virtual,NA
Specifying,NA
ClearPass,6.7
Getting,NA
Aruba,NA
ClearPass,NA
ClearPass,NA
Virtual,NA
ClearPass,NA
ClearPass,NA
Manager,NA
Virtual,NA
VM,NA
ClearPass,NA
ClearPass,NA
ClearPass,6.7
Getting,NA
ClearPass,NA
ClearPass,NA
ClearPass,NA
Virtual,NA
Virtual,NA
ClearPass,NA
server,NA
Manager,NA
ClearPass,NA
IP,NA
Subnet,NA
IP,NA
Subnet,NA
CLI,NA
If,NA
Changing,NA
ClearPass,NA
NTP,NA
NTP,NA
server,NA
ClearPass,6.7
Getting,NA
ClearPass,NA
ClearPass,NA
ClearPass,6.7
ClearPass,NA
ClearPass,NA
ClearPass,NA
ClearPass,NA
ClearPass,NA
ClearPass,NA
ClearPass,NA
server,NA
ClearPass,NA
Virtual,NA
ClearPass,NA
ClearPass,NA
been,NA
ClearPassPolicy,NA
IP,NA
ClearPass,NA
server,NA
ClearPass,6.7
SSL,NA
ClearPass,NA
ClearPass,NA
Manager,NA
Entering,NA
ClearPass,NA
ClearPass,NA
Admin,NA
ClearPass,6.7
Getting,NA
Activating,NA
ClearPass,NA
ClearPass,NA
ClearPassPolicy,NA
Manager,NA
Internet,NA
Aruba,NA
If,NA
ClearPassPolicy,NA
Manager,NA
Internet,NA
ClearPass,NA
Admin,NA
been,NA
ClearPass,NA
Virtual,NA
Admin,NA
ClearPass,NA
Virtual,NA
ClearPass,NA
Virtual,NA
ClearPass,6.7
Getting,NA
ClearPass,NA
Manager,NA
ClearPass,NA
Manager,NA
Updates,NA
ClearPass,NA
server,NA
ClearPass,NA
ClearPass,NA
Updates,NA
Updates,NA
AntiVirus,NA
ClearPass,NA
server,NA
AntiVirus,NA
DAT,NA
Windows,NA
Windows,NA
Windows,NA
ClearPass,NA
server,NA
Windows,NA
ClearPass,NA
ClearPass,6.7
Getting,NA
Updates,NA
ClearPass,NA
Updates,NA
Updates,NA
Updates,NA
Updates,NA
ClearPass,6.7
Getting,NA
Updates,NA
HPE,NA
HPE,NA
HPE,NA
HPE,NA
ClearPass,NA
server,NA
server,NA
Updates,NA
Updates,NA
Updates,NA
Windows,NA
Aruba,NA
ClearPass,NA
Updates,NA
Updates,NA
ClearPass,NA
Updates,NA
Windows,NA
Windows,NA
Updates,NA
Updates,NA
Updates,NA
Updates,NA
Updates,NA
If,NA
server,NA
Updates,NA
Update,NA
ClearPass,6.7
Getting,NA
Install,NA
CLI,NA
If,NA
Install,NA
Install,NA
Install,NA
been,NA
Install,NA
Update,NA
VMware,NA
Web,NA
Install,NA
ClearPass,NA
Virtual,NA
server,NA
Install,NA
Update,NA
Install,NA
been,NA
Install,NA
Update,NA
Install,NA
Update,NA
ClearPass,6.7
Getting,NA
ClearPass,NA
server,NA
Virtual,NA
If,NA
Admin,NA
Admin,NA
Admin,NA
Admin,NA
Changing,NA
ClearPass,NA
Virtual,NA
ClearPass,NA
ClearPass,NA
ClearPass,6.7
Getting,NA
Install,NA
ClearPass,NA
Virtual,NA
ClearPass,NA
Manager,NA
ClearPass,NA
Virtual,NA
ClearPass,NA
ClearPass,NA
Virtual,NA
Virtual,NA
Virtual,NA
ClearPass,NA
Virtual,NA
Virtual,NA
ClearPass,NA
ClearPass,NA
Virtual,NA
Updates,NA
Updates,NA
Changing,NA
ClearPass,NA
Virtual,NA
Windows,NA
been,NA
Windows,NA
Server,NA
Install,NA
Windows,NA
Server,NA
Install,NA
ClearPass,6.7
Getting,NA
ClearPass,NA
VMware,NA
Windows,NA
Server,NA
Windows,NA
Server,NA
Windows,NA
Server,NA
Windows,NA
Server,NA
Aruba,NA
ClearPass,NA
Server,NA
Please,NA
IOP,NA
ClearPass,NA
Manager,6.7
Virtual,NA
ClearPass,NA
If,NA
ClearPass,NA
Manager,NA
GB,NA
Virtual,NA
ClearPass,NA
ClearPass,NA
VM,NA
ClearPass,NA
Server,NA
ClearPass,NA
Manager,NA
Virtual,NA
Aruba,NA
ClearPassPolicy,NA
Manager,NA
ClearPassPolicy,NA
Manager,NA
ClearPassPolicy,NA
Manager,NA
ClearPassPolicy,NA
Manager,NA
ClearPass,6.7
Getting,NA
ClearPass,NA
ClearPass,NA
server,NA
ClearPass,NA
Server,NA
Manager,NA
IP,NA
IP,NA
DNS,NA
DNS,NA
NTP,NA
server,NA
IP,NA
IP,NA
ClearPass,NA
Virtual,NA
ClearPass,NA
Manager,NA
Manager,NA
Aruba,NA
server,NA
If,NA
ClearPass,6.7
Getting,NA
Virtual,NA
been,NA
Manager,NA
Aruba,NA
server,NA
Manager,NA
Virtual,NA
Selecting,NA
Virtual,NA
Virtual,NA
ClearPass,6.7
Getting,NA
Selecting,NA
Virtual,NA
Specifying,NA
Virtual,NA
Specifying,NA
Virtual,NA
ClearPass,6.7
Getting,NA
Virtual,NA
Virtual,NA
Specifying,NA
Virtual,NA
browse,NA
If,NA
If,NA
Specifying,NA
Virtual,NA
ClearPass,NA
Manager,NA
ClearPass,6.7
Getting,NA
ClearPass,NA
Manager,NA
Specifying,NA
Virtual,NA
Virtual,NA
.vhd,NA
been,NA
.vhd,NA
Windows,NA
Virtual,NA
ClearPass,6.7
Getting,NA
Specifying,NA
IDE,NA
Configuring,NA
IDE,NA
Virtual,NA
Virtual,NA
ClearPass,6.7
Getting,NA
Specifying,NA
Specifying,NA
Virtual,NA
ClearPass,6.7
Getting,NA
Specifying,NA
Configuring,NA
Virtual,NA
Aruba,NA
ClearPass,NA
Virtual,NA
Virtual,NA
Manager,NA
ClearPass,6.7
Getting,NA
Virtual,NA
.vhd,NA
.vhd,NA
Virtual,NA
Virtual,NA
ClearPass,NA
Virtual,NA
ClearPass,NA
ClearPass,NA
Manager,NA
Virtual,NA
VM,NA
ClearPass,6.7
Getting,NA
VM,NA
ClearPass,NA
ClearPass,NA
ClearPass,NA
ClearPass,NA
ClearPass,NA
Virtual,NA
Virtual,NA
ClearPass,NA
server,NA
ClearPass,6.7
Getting,NA
Manager,NA
ClearPass,NA
IP,NA
Subnet,NA
IP,NA
Subnet,NA
CLI,NA
If,NA
Changing,NA
ClearPass,NA
NTP,NA
NTP,NA
server,NA
ClearPass,NA
ClearPass,NA
ClearPass,6.7
ClearPass,NA
ClearPass,NA
ClearPass,NA
ClearPass,NA
ClearPass,NA
ClearPass,NA
ClearPass,NA
server,NA
ClearPass,NA
Virtual,NA
ClearPass,NA
ClearPass,NA
been,NA
ClearPass,NA
IP,NA
ClearPass,NA
server,NA
ClearPass,6.7
ClearPass,6.7
Getting,NA
SSL,NA
ClearPass,NA
ClearPass,NA
Manager,NA
Entering,NA
ClearPass,NA
ClearPass,NA
Admin,NA
Activating,NA
ClearPass,NA
ClearPass,NA
ClearPass,NA
Manager,NA
Internet,NA
Aruba,NA
If,NA
ClearPass,NA
Manager,NA
Internet,NA
ClearPass,6.7
Getting,NA
Activating,NA
ClearPass,NA
If,NA
ClearPass,NA
server,NA
ClearPass,NA
Admin,NA
been,NA
ClearPass,NA
Virtual,NA
Admin,NA
ClearPass,NA
Virtual,NA
ClearPass,NA
Virtual,NA
ClearPass,NA
Manager,NA
ClearPass,6.7
Getting,NA
ClearPass,NA
Manager,NA
Updates,NA
ClearPass,NA
server,NA
ClearPass,NA
ClearPass,NA
Updates,NA
Updates,NA
AntiVirus,NA
ClearPass,NA
server,NA
AntiVirus,NA
DAT,NA
Windows,NA
Windows,NA
Windows,NA
ClearPass,NA
server,NA
Windows,NA
ClearPass,NA
ClearPass,6.7
Getting,NA
Updates,NA
ClearPass,NA
Updates,NA
Updates,NA
Updates,NA
Updates,NA
Updates,NA
HPE,NA
HPE,NA
HPE,NA
HPE,NA
ClearPass,NA
server,NA
server,NA
Updates,NA
ClearPass,6.7
Getting,NA
Updates,NA
Updates,NA
Windows,NA
Aruba,NA
ClearPass,NA
Updates,NA
Updates,NA
ClearPass,NA
Updates,NA
Windows,NA
Windows,NA
Updates,NA
Updates,NA
Updates,NA
Updates,NA
Updates,NA
If,NA
server,NA
Updates,NA
Update,NA
Install,NA
CLI,NA
If,NA
Install,NA
Install,NA
Install,NA
been,NA
Install,NA
Update,NA
ClearPass,6.7
Getting,NA
Install,NA
ClearPass,NA
Virtual,NA
server,NA
Install,NA
Update,NA
Install,NA
been,NA
Install,NA
Update,NA
Install,NA
Update,NA
Changing,NA
ClearPass,NA
server,NA
Virtual,NA
If,NA
Admin,NA
Admin,NA
Admin,NA
ClearPass,6.7
Getting,NA
Admin,NA
Changing,NA
ClearPass,NA
Virtual,NA
ClearPass,NA
ClearPass,NA
ClearPass,6.7
Getting,NA
ClearPass,NA
Manager,NA
ClearPass,NA
Server,NA
CLI,NA
ClearPass,NA
ClearPass,NA
Manager,NA
server,NA
Server,NA
Manager,NA
Server,NA
ClearPass,NA
server,NA
Server,NA
ClearPass,NA
server,NA
ClearPass,NA
Server,NA
Server,NA
ClearPass,6.7
Getting,NA
Server,NA
Virtual,NA
Virtual,NA
ClearPass,NA
server,NA
If,NA
Server,NA
Server,NA
server,NA
ClearPass,NA
Manager,NA
ClearPass,6.7
Getting,NA
Server,NA
Monitoring,NA
server,NA
Manager,NA
SNMP,NA
browse,NA
MIB,NA
Manager,NA
SSH,NA
SNMP,NA
GRE,NA
IP,NA
FIPS,NA
ClearPass,NA
FIPS,NA
CLI,NA
ClearPass,NA
CLI,NA
Manager,NA
CLI,NA
ClearPass,NA
VMware,NA
Manager,NA
Copyright,NA
Aruba,NA
HPE,NA
ClearPass,6.7
Getting,NA
Manager,NA
IP,NA
DNS,NA
DNS,NA
DNS,NA
Server,NA
IP,NA
server,NA
IP,NA
Gateway,NA
IP,NA
Configuring,NA
ClearPass,NA
Manager,NA
If,NA
ClearPass,NA
Manager,NA
NetBIOS,NA
ClearPass,6.7
Getting,NA
Copyright,NA
CA,NA
Copyright,NA
ClearPass,6.7
Getting,NA
