IntroSpect,2.4
2019,NA
the,NA
Public,NA
the,NA
Public,NA
the,NA
the,NA
the,NA
the,NA
US,NA
USA,NA
|,NA
IntroSpect,2.4
Score,NA
IntroSpect,NA
Setting,NA
Using,NA
Severity,NA
Selecting,NA
Selecting,NA
Using,NA
Search,NA
the,NA
Search,NA
Query,NA
Search,NA
Using,NA
Using,NA
Severity,NA
IntroSpect,2.4
|,NA
|,3
Rules,NA
Using,NA
Alert,NA
Rules,NA
New,NA
Using,NA
Rules,NA
Using,NA
Sending,NA
Using,NA
the,NA
Overview,NA
Working,NA
Entity360,NA
Using,NA
The,NA
Web,NA
Working,NA
Alert,NA
31,NA
31,NA
|,NA
IntroSpect,2.4
Alert,NA
Search,NA
Alert,NA
Using,NA
Alert360,NA
Alert,NA
Overview,NA
Search,NA
Alert,NA
Cloud,NA
Working,NA
Using,NA
Search,NA
the,NA
Search,NA
Query,NA
System,NA
System,NA
System,NA
Assigning,NA
the,NA
Assigning,NA
the,NA
IntroSpect,2.4
|,NA
|,5
System,NA
Analytics,NA
ETL,NA
Others,NA
System,NA
Status?Hadoop,NA
Summary,NA
System,NA
Status?Support,NA
Analyzer,NA
System,NA
Status?Monitoring,NA
System,NA
Status?Statistics,NA
System,NA
Sources,NA
System,NA
System,NA
Status?Audit,NA
System,NA
Configuration?System,NA
Analyzer,NA
DNS,NA
LDAP,NA
|,NA
IntroSpect,2.4
Netflow,NA
Netflow,NA
Subnet,NA
NTP,NA
Web,NA
Adding,NA
New,NA
Editing,NA
Editing,NA
Configuration?Analytics,NA
Configuration?Watchlists,NA
Adding,NA
New,NA
Watchlist,NA
Editing,NA
Watchlist,NA
Configuration?Log,NA
Sources,NA
Configuration?Threat,NA
Adding,NA
New,NA
Editing,NA
Existing,NA
Configuration?Remote,NA
Remote,NA
IntroSpect,2.4
|,NA
|,7
Setting,NA
Configuration?Features,NA
Configuration?Processor,NA
the,NA
Analytics,NA
Cases,NA
Case,NA
Case,NA
Working,NA
Cases,NA
Searching,NA
Case,NA
Cases,NA
Adding,NA
Case,NA
Editing,NA
Existing,NA
Case,NA
Case,NA
Edits,NA
Cases,NA
Creating,NA
New,NA
Cases,NA
Adding,NA
New,NA
Alert,NA
Case,NA
Adding,NA
New,NA
Case,NA
Custom,NA
Cases,NA
Resulting,NA
Case,NA
AD,NA
Case,NA
Case,NA
Case,NA
Case,NA
VPN,NA
105,NA
105,NA
110,NA
110,NA
|,NA
IntroSpect,2.4
New,NA
IntroSpect,2.4
|,NA
|,9
The,NA
the,NA
2018,NA
IntroSpect,2.4
Analytics,NA
2019,NA
the,NA
System,NA
2019,NA
the,NA
Adding,NA
System,NA
the,NA
Analytics,NA
|,NA
IntroSpect,2.4
the,NA
the,NA
IntroSpect,NA
the,NA
IntroSpect,NA
Internet,NA
The,NA
IntroSpect,NA
Entity360,NA
IntroSpect,NA
the,NA
the,NA
the,NA
Aruba,NA
IntroSpect,NA
Analyzer,NA
the,NA
the,NA
The,NA
common,NA
the,NA
the,NA
entity,NA
the,NA
the,NA
the,NA
the,NA
Watchlist,NA
IntroSpect,2.4
|,NA
|,NA
Score,NA
the,NA
the,NA
Score,NA
the,NA
the,NA
Analyzer,NA
the,NA
the,NA
the,NA
the,NA
Click,NA
the,NA
the,NA
the,NA
the,NA
The,NA
the,NA
the,NA
The,NA
the,NA
the,NA
|,NA
IntroSpect,2.4
IntroSpect,NA
the,NA
menu,NA
IntroSpect,NA
Click,NA
the,NA
the,NA
the,NA
menu,NA
Figure,1
the,NA
Click,NA
the,NA
Setting,NA
the,NA
the,NA
IntroSpect,2.4
|,NA
|,NA
Using,NA
the,NA
The,NA
the,NA
Apply,NA
the,NA
the,NA
more,NA
Selecting,NA
more,NA
the,NA
The,NA
the,NA
the,NA
the,NA
|,NA
IntroSpect,2.4
the,NA
the,NA
menu,NA
more,NA
more,NA
the,NA
the,NA
more,NA
the,NA
criteria,NA
the,NA
Selecting,NA
the,NA
the,NA
Search,NA
the,NA
the,NA
Severity,NA
the,NA
the,NA
Click,NA
the,NA
Selecting,NA
more,NA
the,NA
the,NA
the,NA
the,NA
the,NA
the,NA
IntroSpect,2.4
|,NA
|,NA
the,NA
the,NA
the,NA
button,NA
Selecting,NA
the,NA
Using,NA
the,NA
more,NA
the,NA
the,NA
the,NA
the,NA
the,NA
the,NA
the,NA
|,NA
IntroSpect,2.4
the,NA
Using,NA
Apply,NA
the,NA
the,NA
the,NA
criteria,NA
Search,NA
counts,NA
the,NA
the,NA
the,NA
Search,NA
Search,NA
the,NA
the,NA
the,NA
Search,NA
Manually,NA
Clear,NA
the,NA
Search,NA
the,NA
Click,NA
Click,NA
the,NA
Search,NA
the,NA
Click,NA
example,NA
the,NA
IntroSpect,2.4
|,NA
|,NA
Query,NA
the,NA
the,NA
the,NA
the,NA
the,NA
the,NA
the,NA
menu,NA
the,NA
Search,NA
Using,NA
Click,NA
the,NA
the,NA
the,NA
criteria,NA
the,NA
the,NA
Click,NA
Search,NA
Click,NA
Click,NA
New,NA
Search,NA
Figure,3
Alert,NA
Search,NA
Using,NA
common,NA
|,NA
IntroSpect,2.4
Click,NA
the,NA
the,NA
the,NA
Severity,NA
the,NA
the,NA
Click,NA
the,NA
common,NA
the,NA
the,NA
the,NA
the,NA
Click,NA
the,NA
Click,NA
the,NA
button,NA
the,NA
Click,NA
the,NA
the,NA
the,NA
the,NA
the,NA
If,NA
the,NA
behavior,NA
the,NA
the,NA
Click,NA
the,NA
the,NA
the,NA
IntroSpect,2.4
|,NA
|,NA
The,NA
There,NA
common,NA
common,NA
the,NA
CSV,NA
the,NA
the,NA
the,NA
Rules,NA
Rules,NA
IntroSpect,2.4
the,NA
menu,NA
the,NA
|,NA
IntroSpect,2.4
the,NA
the,NA
the,NA
the,NA
the,NA
Severity,NA
the,NA
the,NA
the,NA
the,NA
Using,NA
Alert,NA
Rules,NA
If,NA
IntroSpect,2.4
the,NA
the,NA
the,NA
Alert,NA
the,NA
more,NA
the,NA
the,NA
Alert,NA
the,NA
the,NA
If,NA
If,NA
the,NA
Search,NA
Click,NA
OK,NA
the,NA
IntroSpect,2.4
|,NA
|,NA
New,NA
Using,NA
Rules,NA
If,NA
the,NA
the,NA
the,NA
the,NA
the,NA
the,NA
the,NA
New,NA
the,NA
the,NA
the,NA
Custom,NA
Alert,NA
Alert,NA
Alert,NA
c.,NA
Alert,NA
the,NA
the,NA
the,NA
Severity,NA
the,NA
the,NA
the,NA
the,NA
the,NA
the,NA
|,NA
IntroSpect,2.4
the,NA
the,NA
the,NA
Using,NA
the,NA
the,NA
the,NA
IntroSpect,2.4
|,NA
|,NA
Click,NA
Aruba,NA
button,NA
the,NA
the,NA
the,NA
the,NA
Click,NA
the,NA
Click,NA
the,NA
the,NA
Click,NA
the,NA
Click,NA
the,NA
blackout,NA
Click,NA
the,NA
the,NA
Click,NA
the,NA
blackout,NA
the,NA
Click,NA
Be,NA
the,NA
|,NA
IntroSpect,2.4
the,NA
Overview,NA
Overview,NA
the,NA
IntroSpect,NA
The,NA
Overview,NA
the,NA
more,NA
The,NA
the,NA
the,NA
The,NA
the,NA
more,NA
the,NA
before,NA
IntroSpect,NA
the,NA
IP,NA
entity,NA
more,NA
IntroSpect,2.4
|,NA
|,NA
the,NA
the,NA
entity,NA
Click,NA
the,NA
Entity360,NA
the,NA
the,NA
the,NA
the,NA
the,NA
Click,NA
entity,NA
Score,NA
The,NA
the,NA
the,NA
|,NA
IntroSpect,2.4
the,NA
Entity360,NA
If,NA
more,NA
the,NA
Configuration?Watchlists,NA
more,NA
IntroSpect,2.4
|,NA
|,NA
Working,NA
the,NA
Entity360,NA
the,NA
the,NA
The,NA
the,NA
the,NA
Watchlist,NA
entity,NA
the,NA
the,NA
the,NA
entity,NA
the,NA
the,NA
entity,NA
the,NA
the,NA
Entity360,NA
the,NA
the,NA
Click,NA
The,NA
Score,NA
The,NA
Percentile,NA
Percentile,NA
the,NA
entity,NA
the,NA
Entity360,NA
the,NA
more,NA
The,NA
the,NA
more,NA
The,NA
If,NA
IntroSpect,2.4
|,NA
Working,NA
|,NA
The,NA
the,NA
The,NA
the,NA
the,NA
The,NA
If,NA
The,NA
The,NA
the,NA
entity,NA
Click,NA
The,NA
the,NA
Click,NA
Entity360,NA
the,NA
the,NA
Entity360,NA
the,NA
Analyzer,NA
The,NA
Entity360,NA
the,NA
the,NA
the,NA
the,NA
Entity360,NA
|,NA
Working,NA
IntroSpect,2.4
the,NA
Entity360,NA
the,NA
the,NA
the,NA
the,NA
Search,NA
There,NA
the,NA
IntroSpect,NA
the,NA
criteria,NA
The,NA
the,NA
The,NA
Score,NA
the,NA
Alert,NA
Click,NA
the,NA
the,NA
the,NA
Score,NA
the,NA
The,NA
the,NA
the,NA
IntroSpect,2.4
|,NA
Working,NA
|,NA
the,NA
the,NA
Severity,NA
the,NA
the,NA
the,NA
the,NA
more,NA
the,NA
entity,NA
the,NA
the,NA
the,NA
entity,NA
31,NA
|,NA
Working,NA
IntroSpect,2.4
Entity360,NA
Summary,NA
Click,NA
Click,NA
entity,NA
NAC,NA
Click,NA
NAC,NA
Click,NA
entity,NA
Click,NA
Click,NA
Click,NA
Click,NA
Click,NA
Click,NA
Web,NA
Click,NA
Summary,NA
The,NA
Summary,NA
the,NA
the,NA
entity,NA
the,NA
IntroSpect,2.4
|,NA
Working,NA
|,NA
Statistics,NA
The,NA
the,NA
the,NA
entity,NA
the,NA
the,NA
entity,NA
the,NA
|,NA
Working,NA
IntroSpect,2.4
the,NA
the,NA
IntroSpect,2.4
|,NA
Working,NA
|,NA
the,NA
Click,NA
the,NA
the,NA
|,NA
Working,NA
IntroSpect,2.4
the,NA
the,NA
All,NA
the,NA
the,NA
the,NA
the,NA
IntroSpect,2.4
|,NA
Working,NA
|,NA
the,NA
the,NA
the,NA
the,NA
the,NA
the,NA
the,NA
the,NA
Click,NA
the,NA
the,NA
the,NA
The,NA
the,NA
The,NA
the,NA
The,NA
the,NA
the,NA
The,NA
the,NA
The,NA
MAC,NA
the,NA
The,NA
The,NA
|,NA
Working,NA
IntroSpect,2.4
the,NA
The,NA
the,NA
criteria,NA
the,NA
the,NA
the,NA
the,NA
IntroSpect,2.4
|,NA
Working,NA
|,NA
IP,NA
Click,NA
Click,NA
the,NA
the,NA
States,NA
Click,NA
Click,NA
the,NA
the,NA
|,NA
Working,NA
IntroSpect,2.4
the,NA
the,NA
the,NA
the,NA
the,NA
the,NA
the,NA
the,NA
the,NA
the,NA
counts,NA
Click,NA
the,NA
the,NA
the,NA
The,NA
the,NA
the,NA
IntroSpect,2.4
|,NA
Working,NA
|,NA
the,NA
The,NA
the,NA
the,NA
the,NA
metric,NA
the,NA
Click,NA
the,NA
the,NA
the,NA
the,NA
the,NA
the,NA
the,NA
the,NA
metric,NA
the,NA
|,NA
Working,NA
IntroSpect,2.4
Click,NA
the,NA
Click,NA
the,NA
the,NA
Using,NA
The,NA
the,NA
the,NA
The,NA
the,NA
the,NA
the,NA
the,NA
the,NA
the,NA
the,NA
the,NA
the,NA
the,NA
the,NA
the,NA
the,NA
the,NA
the,NA
IntroSpect,2.4
|,NA
Working,NA
|,NA
Web,NA
Web,NA
the,NA
the,NA
the,NA
the,NA
the,NA
Summary,NA
the,NA
|,NA
Working,NA
IntroSpect,2.4
Working,NA
the,NA
the,NA
Using,NA
Search,NA
common,NA
IntroSpect,2.4
the,NA
Alert,NA
Search,NA
Alert,NA
IntroSpect,2.4
Alert,NA
Alert,NA
Alert,NA
Infection?Activity,NA
example,NA
Exfiltration?Abnormal,NA
external,NA
Other?Activity,NA
Alert,NA
Search,NA
menu,NA
IntroSpect,2.4
|,NA
Working,NA
|,NA
There,NA
the,NA
the,NA
the,NA
the,NA
the,NA
Rules,NA
the,NA
the,NA
CSV,NA
Alert,NA
the,NA
menu,NA
System,NA
OR,NA
the,NA
email,NA
Alert,NA
Forwarding,NA
the,NA
criteria,NA
the,NA
the,NA
email,NA
the,NA
email,NA
more,NA
email,NA
email,NA
the,NA
Click,NA
|,NA
Working,NA
IntroSpect,2.4
The,NA
the,NA
the,NA
Click,NA
more,NA
bulk,NA
the,NA
the,NA
the,NA
Click,NA
IntroSpect,2.4
|,NA
Working,NA
|,NA
more,NA
Alert360,NA
the,NA
entity,NA
Entity360,NA
the,NA
menu,NA
Click,NA
Using,NA
Alert360,NA
Alert360,NA
The,NA
Alert,NA
Overview,NA
the,NA
Alert,NA
Overview,NA
the,NA
VirusTotal,NA
|,NA
Working,NA
IntroSpect,2.4
Search,NA
Click,NA
the,NA
The,NA
the,NA
Search,NA
Using,NA
the,NA
the,NA
Click,NA
Search,NA
the,NA
the,NA
the,NA
Click,NA
Search,NA
the,NA
the,NA
the,NA
Click,NA
New,NA
Search,NA
the,NA
Click,NA
New,NA
Search,NA
the,NA
the,NA
the,NA
VirusTotal,NA
the,NA
The,NA
Alert,NA
Alert,NA
Alert,NA
Overview,NA
Alert,NA
Alert,NA
The,NA
the,NA
Alert,NA
the,NA
The,NA
the,NA
the,NA
The,NA
the,NA
the,NA
The,NA
the,NA
The,NA
the,NA
The,NA
the,NA
the,NA
the,NA
the,NA
the,NA
menu,NA
the,NA
Click,NA
IntroSpect,2.4
|,NA
Working,NA
|,NA
Alert,NA
the,NA
the,NA
the,NA
Alerts360,NA
the,NA
Severity,NA
the,NA
the,NA
The,NA
|,NA
Working,NA
IntroSpect,2.4
the,NA
Severity,NA
more,NA
the,NA
Alert360,NA
Primary,NA
IOC,NA
the,NA
the,NA
the,NA
the,NA
the,NA
the,NA
IOC,NA
IOC,NA
The,NA
the,NA
VirusTotal,NA
Primary,NA
IOC,NA
IOC,NA
The,NA
the,NA
IOC,NA
The,NA
the,NA
Click,NA
VirusTotal,NA
the,NA
IOC,NA
IntroSpect,2.4
|,NA
Working,NA
|,NA
Primary,NA
IOC,NA
The,NA
the,NA
the,NA
The,NA
the,NA
The,NA
the,NA
The,NA
the,NA
Alert,NA
criteria,NA
the,NA
The,NA
the,NA
the,NA
the,NA
the,NA
The,NA
criteria,NA
the,NA
If,NA
the,NA
the,NA
the,NA
the,NA
Click,NA
Click,NA
PCAP,NA
The,NA
the,NA
the,NA
the,NA
the,NA
the,NA
The,NA
the,NA
the,NA
IOC,NA
the,NA
the,NA
the,NA
the,NA
|,NA
Working,NA
IntroSpect,2.4
the,NA
the,NA
Click,NA
the,NA
the,NA
The,NA
the,NA
The,NA
The,NA
the,NA
The,NA
the,NA
The,NA
the,NA
the,NA
the,NA
the,NA
IntroSpect,2.4
|,NA
Working,NA
|,NA
the,NA
The,NA
the,NA
New,NA
The,NA
the,NA
The,NA
the,NA
|,NA
Working,NA
IntroSpect,2.4
Using,NA
common,NA
the,NA
the,NA
Summary,NA
the,NA
Summary,NA
Click,NA
Click,NA
the,NA
the,NA
the,NA
more,NA
Click,NA
the,NA
the,NA
more,NA
the,NA
the,NA
Click,NA
the,NA
the,NA
The,NA
the,NA
the,NA
the,NA
The,NA
the,NA
The,NA
the,NA
IntroSpect,2.4
|,NA
|,NA
The,NA
the,NA
Summary,NA
The,NA
the,NA
the,NA
the,NA
Method,NA
the,NA
the,NA
the,NA
the,NA
|,NA
IntroSpect,2.4
Summary,NA
The,NA
the,NA
the,NA
the,NA
the,NA
the,NA
Method,NA
the,NA
the,NA
the,NA
The,NA
the,NA
The,NA
the,NA
The,NA
the,NA
The,NA
the,NA
the,NA
the,NA
Click,NA
PCAP,NA
the,NA
The,NA
the,NA
the,NA
Click,NA
the,NA
the,NA
PCAP,NA
the,NA
Hover,NA
IntroSpect,2.4
|,NA
|,NA
Cloud,NA
the,NA
Cloud,NA
Hover,NA
|,NA
IntroSpect,2.4
the,NA
the,NA
the,NA
the,NA
the,NA
the,NA
IntroSpect,2.4
|,NA
|,NA
|,NA
IntroSpect,2.4
Working,NA
the,NA
IntroSpect,2.4
VPN,NA
the,NA
the,NA
the,NA
The,NA
the,NA
the,NA
the,NA
the,NA
more,NA
the,NA
the,NA
the,NA
the,NA
the,NA
the,NA
the,NA
the,NA
the,NA
the,NA
IntroSpect,2.4
|,NA
Working,NA
|,NA
the,NA
Using,NA
Apply,NA
the,NA
the,NA
the,NA
criteria,NA
Search,NA
counts,NA
the,NA
the,NA
the,NA
Search,NA
Search,NA
the,NA
the,NA
the,NA
Search,NA
Manually,NA
Clear,NA
|,NA
Working,NA
IntroSpect,2.4
the,NA
Search,NA
the,NA
Click,NA
Click,NA
the,NA
Search,NA
the,NA
Click,NA
example,NA
the,NA
Query,NA
the,NA
the,NA
the,NA
the,NA
the,NA
the,NA
the,NA
menu,NA
the,NA
IntroSpect,2.4
|,NA
Working,NA
|,NA
the,NA
the,NA
the,NA
button,NA
the,NA
the,NA
the,NA
the,NA
Click,NA
the,NA
more,NA
the,NA
the,NA
the,NA
the,NA
Figure,4
New,NA
The,NA
the,NA
The,NA
The,NA
There,NA
the,NA
Click,NA
the,NA
The,NA
the,NA
Query,NA
the,NA
the,NA
the,NA
IntroSpect,2.4
|,NA
|,NA
System,NA
the,NA
the,NA
System,NA
the,NA
Analyzer,NA
The,NA
System,NA
the,NA
the,NA
System,NA
The,NA
the,NA
the,NA
System,NA
System,NA
System,NA
System,NA
System,NA
Status?Hadoop,NA
System,NA
Status?Support,NA
System,NA
Status?Monitoring,NA
System,NA
Status?Statistics,NA
System,NA
Sources,NA
System,NA
System,NA
Status?Audit,NA
System,NA
System,NA
The,NA
System,NA
the,NA
the,NA
The,NA
the,NA
the,NA
the,NA
the,NA
All,NA
If,NA
email,NA
the,NA
the,NA
the,NA
more,NA
System,NA
Go,NA
The,NA
the,NA
the,NA
the,NA
Figure,5
IntroSpect,2.4
|,NA
System,NA
|,NA
the,NA
the,NA
System,NA
the,NA
bulk,NA
the,NA
The,NA
the,NA
the,NA
Severity,NA
The,NA
the,NA
IntroSpect,NA
the,NA
The,NA
the,NA
the,NA
The,NA
the,NA
The,NA
the,NA
The,NA
the,NA
the,NA
Major?Orange,NA
Minor?Blue,NA
the,NA
the,NA
the,NA
All,NA
Figure,6
All,NA
the,NA
the,NA
Figure,7
Assigning,NA
the,NA
bulk,NA
the,NA
Go,NA
The,NA
|,NA
System,NA
IntroSpect,2.4
Click,NA
the,NA
the,NA
the,NA
the,NA
the,NA
the,NA
the,NA
Click,NA
Continue,NA
the,NA
the,NA
the,NA
Assigning,NA
the,NA
the,NA
However,NA
bulk,NA
Go,NA
The,NA
Click,NA
the,NA
button,NA
the,NA
the,NA
the,NA
the,NA
Click,NA
Continue,NA
the,NA
the,NA
the,NA
the,NA
the,NA
the,NA
System,NA
The,NA
System,NA
the,NA
the,NA
Analyzer,NA
Figure,8
The,NA
the,NA
the,NA
counts,NA
the,NA
the,NA
counts,NA
the,NA
If,NA
the,NA
IntroSpect,2.4
|,NA
System,NA
|,NA
counts,NA
the,NA
the,NA
example,NA
System,NA
The,NA
System,NA
the,NA
ETL,NA
the,NA
the,NA
the,NA
the,NA
the,NA
the,NA
the,NA
the,NA
the,NA
the,NA
the,NA
the,NA
the,NA
the,NA
chart,NA
Click,NA
the,NA
chart,NA
the,NA
Hover,NA
the,NA
data?the,NA
the,NA
ID,NA
the,NA
the,NA
the,NA
Click,NA
the,NA
Analytics,NA
The,NA
Analytics,NA
chart,NA
the,NA
the,NA
EntityScoring,NA
ETL,NA
The,NA
ETL,NA
chart,NA
the,NA
the,NA
Others,NA
The,NA
Others,NA
chart,NA
the,NA
the,NA
the,NA
FeedPipeLine,NA
|,NA
System,NA
IntroSpect,2.4
System,NA
Status?Hadoop,NA
The,NA
System,NA
the,NA
the,NA
IntroSpect,NA
the,NA
All,NA
the,NA
IntroSpect,NA
the,NA
the,NA
HDFS,NA
Summary,NA
Summary,NA
the,NA
the,NA
The,NA
the,NA
the,NA
the,NA
AD,NA
Sources,NA
more,NA
If,NA
the,NA
The,NA
the,NA
the,NA
the,NA
The,NA
the,NA
The,NA
the,NA
the,NA
System,NA
IntroSpect,2.4
|,NA
System,NA
|,NA
the,NA
external,NA
The,NA
the,NA
Sources,NA
the,NA
the,NA
counts,NA
AD,NA
the,NA
the,NA
the,NA
the,NA
The,NA
the,NA
the,NA
the,NA
the,NA
the,NA
AD,NA
the,NA
the,NA
the,NA
the,NA
System,NA
Status?Support,NA
The,NA
System,NA
the,NA
the,NA
the,NA
Web,NA
Minor,NA
The,NA
the,NA
the,NA
ETL,NA
The,NA
the,NA
before,NA
the,NA
Web,NA
The,NA
button,NA
the,NA
the,NA
IntroSpect,NA
the,NA
the,NA
the,NA
the,NA
|,NA
System,NA
IntroSpect,2.4
The,NA
Analyzer,NA
the,NA
the,NA
the,NA
the,NA
The,NA
OK,NA
Good?all,NA
STARTED,NA
STARTED,NA
STARTED,NA
STARTED,NA
STARTED,NA
STARTED,NA
STARTED,NA
STARTED,NA
Example,NA
The,NA
the,NA
Checking,NA
the,NA
the,NA
...,NA
Checking,NA
the,NA
the,NA
...,NA
Checking,NA
the,NA
the,NA
...,NA
Checking,NA
the,NA
...,NA
Checking,NA
the,NA
FLUME,NA
HDFS,NA
...,NA
Checking,NA
the,NA
the,NA
...,NA
Checking,NA
the,NA
the,NA
...,NA
Checking,NA
the,NA
the,NA
...,NA
Checking,NA
the,NA
the,NA
...,NA
Checking,NA
the,NA
the,NA
...,NA
Checking,NA
the,NA
the,NA
...,NA
Checking,NA
the,NA
...,NA
Checking,NA
the,NA
the,NA
...,NA
Checking,NA
the,NA
the,NA
...,NA
IntroSpect,2.4
|,NA
System,NA
|,NA
Status?Monitoring,NA
The,NA
System,NA
the,NA
the,NA
ETL,NA
the,NA
external,NA
the,NA
the,NA
the,NA
ETL,NA
The,NA
the,NA
the,NA
the,NA
ETL,NA
System,NA
Status?Statistics,NA
The,NA
Statistics,NA
the,NA
System,NA
the,NA
System,NA
Sources,NA
The,NA
Sources,NA
the,NA
System,NA
the,NA
The,NA
Sources,NA
the,NA
Sources,NA
The,NA
the,NA
the,NA
the,NA
the,NA
the,NA
the,NA
the,NA
the,NA
The,NA
the,NA
the,NA
The,NA
the,NA
System,NA
The,NA
the,NA
|,NA
System,NA
IntroSpect,2.4
the,NA
the,NA
the,NA
Analyzer,NA
Configuration?Processor,NA
System,NA
Status?Audit,NA
The,NA
System,NA
the,NA
the,NA
Analyzer,NA
the,NA
the,NA
the,NA
the,NA
the,NA
the,NA
The,NA
the,NA
the,NA
the,NA
the,NA
Username,NA
IP,NA
The,NA
the,NA
The,NA
the,NA
The,NA
the,NA
the,NA
The,NA
IP,NA
the,NA
The,NA
the,NA
System,NA
The,NA
System,NA
the,NA
the,NA
Analyzer,NA
There,NA
the,NA
the,NA
the,NA
the,NA
Analyzer,NA
Analyzer,NA
the,NA
IntroSpect,2.4
|,NA
System,NA
|,NA
the,NA
the,NA
the,NA
Analyzer,NA
The,NA
the,NA
the,NA
Configuration?System,NA
Configuration?Analytics,NA
Configuration?Watchlists,NA
Configuration?Log,NA
Sources,NA
Configuration?Threat,NA
Configuration?Processor,NA
Configuration?Remote,NA
Configuration?API,NA
Configuration?Features,NA
IntroSpect,2.4
|,NA
|,NA
The,NA
System,NA
System,NA
the,NA
Analyzer,NA
DNS,NA
LDAP,NA
LDAP,NA
Netflow,NA
Netflow,NA
Subnet,NA
NTP,NA
Web,NA
The,NA
the,NA
System,NA
email,NA
The,NA
Sending,NA
Adding,NA
Adding,NA
Go,NA
System,NA
the,NA
email,NA
the,NA
Forwarding,NA
the,NA
the,NA
the,NA
Severity,NA
the,NA
The,NA
|,NA
IntroSpect,2.4
The,NA
the,NA
The,NA
the,NA
the,NA
email,NA
the,NA
email,NA
email,NA
the,NA
the,NA
the,NA
email,NA
The,NA
the,NA
New,NA
The,NA
the,NA
email,NA
The,NA
the,NA
the,NA
the,NA
All,NA
the,NA
UTC,NA
If,NA
the,NA
the,NA
If,NA
email,NA
Click,NA
The,NA
email,NA
Recommended,NA
Setting,NA
The,NA
IntroSpect,NA
the,NA
Severity,NA
New,NA
UTC,NA
The,NA
the,NA
Sending,NA
the,NA
button,NA
email,NA
the,NA
Adding,NA
email,NA
the,NA
Go,NA
System,NA
IntroSpect,2.4
|,NA
|,NA
Click,NA
the,NA
New,NA
button,NA
the,NA
the,NA
the,NA
the,NA
If,NA
New,NA
more,NA
more,NA
The,NA
New,NA
button,NA
The,NA
notifications?new,NA
New,NA
Adding,NA
IntroSpect,2.4.0.4
the,NA
email,NA
Go,NA
System,NA
Click,NA
the,NA
New,NA
the,NA
email,NA
the,NA
Forwarding,NA
the,NA
the,NA
the,NA
Severity,NA
the,NA
The,NA
The,NA
the,NA
The,NA
the,NA
the,NA
email,NA
the,NA
email,NA
email,NA
the,NA
the,NA
All,NA
the,NA
Figure,9
Figure,9
All,NA
Click,NA
If,NA
All,NA
email,NA
the,NA
The,NA
email,NA
IntroSpect,NA
the,NA
Figure,NA
|,NA
IntroSpect,2.4
The,NA
email,NA
Figure,NA
Example,NA
Minor,NA
Severity,NA
Figure,NA
Example,NA
Severity,NA
IntroSpect,2.4
|,NA
|,NA
Example,NA
Analyzer,NA
The,NA
Analyzer,NA
the,NA
System,NA
backup,NA
the,NA
the,NA
Analyzer,NA
backup,NA
the,NA
the,NA
the,NA
Analyzer,NA
the,NA
backup,NA
DR,NA
Setting,NA
Analyzer,NA
backup,NA
Go,NA
System,NA
Analyzer,NA
the,NA
Primary,NA
Analyzer,NA
the,NA
Analyzer,NA
the,NA
the,NA
Analyzer,NA
backup,NA
Analyzer,NA
the,NA
the,NA
the,NA
backup,NA
the,NA
backup,NA
the,NA
the,NA
backup,NA
Click,NA
The,NA
Server,NA
the,NA
the,NA
Server,NA
the,NA
the,NA
Go,NA
System,NA
the,NA
IP,NA
|,NA
IntroSpect,2.4
the,NA
Analyzer,NA
The,NA
ID,NA
The,NA
The,NA
Click,NA
DNS,NA
The,NA
DNS,NA
the,NA
DNS,NA
IP,NA
Analyzer,NA
DNS,NA
DNS,NA
the,NA
Analyzer,NA
the,NA
the,NA
the,NA
IP,NA
the,NA
DNS,NA
IP,NA
Go,NA
System,NA
DNS,NA
the,NA
IP,NA
the,NA
The,NA
entity,NA
email,NA
Whenever,NA
the,NA
the,NA
entity,NA
the,NA
the,NA
Go,NA
System,NA
the,NA
email,NA
the,NA
criteria,NA
the,NA
Score,NA
Alert,NA
the,NA
Forwarding,NA
the,NA
entity,NA
Score,NA
the,NA
the,NA
the,NA
Entity360,NA
the,NA
the,NA
entity,NA
Score,NA
email,NA
the,NA
the,NA
the,NA
Entity360,NA
the,NA
Score,NA
Alert,NA
the,NA
entity,NA
The,NA
email,NA
the,NA
the,NA
email,NA
the,NA
email,NA
email,NA
the,NA
IntroSpect,2.4
|,NA
|,NA
All,NA
the,NA
All,NA
the,NA
the,NA
the,NA
the,NA
the,NA
email,NA
The,NA
the,NA
the,NA
the,NA
the,NA
the,NA
All,NA
the,NA
UTC,NA
If,NA
the,NA
the,NA
the,NA
If,NA
the,NA
email,NA
The,NA
IntroSpect,NA
The,NA
HTTP,NA
Server,NA
the,NA
IntroSpect,NA
the,NA
the,NA
the,NA
the,NA
the,NA
the,NA
the,NA
IntroSpect,NA
the,NA
the,NA
the,NA
the,NA
the,NA
Click,NA
The,NA
the,NA
the,NA
IP,NA
the,NA
IP,NA
the,NA
System,NA
The,NA
the,NA
IntroSpect,NA
the,NA
|,NA
IntroSpect,2.4
the,NA
IP,NA
the,NA
IntroSpect,NA
before,NA
the,NA
the,NA
IP,NA
The,NA
The,NA
the,NA
the,NA
IP,NA
the,NA
On,NA
the,NA
external,NA
the,NA
IP,NA
DHCP,NA
IP,NA
the,NA
the,NA
IntroSpect,NA
Analyzer,NA
the,NA
the,NA
the,NA
The,NA
before,NA
the,NA
IP,NA
There,NA
SSH,NA
the,NA
If,NA
the,NA
the,NA
the,NA
Analyzer,NA
the,NA
the,NA
The,NA
the,NA
If,NA
The,NA
the,NA
The,NA
Enabled,NA
the,NA
the,NA
The,NA
the,NA
the,NA
The,NA
the,NA
IP,NA
the,NA
The,NA
the,NA
IP,NA
the,NA
The,NA
Method,NA
the,NA
DHCP,NA
DHCP,NA
The,NA
IP,NA
Analyzer,NA
If,NA
LDAP,NA
The,NA
LDAP,NA
LDAP,NA
The,NA
LDAP,NA
the,NA
LDAP,NA
the,NA
Analyzer,NA
LDAP,NA
the,NA
the,NA
LDAP,NA
There,NA
LDAP,NA
LDAP,NA
LDAP,NA
LDAP,NA
IntroSpect,NA
IntroSpect,2.4
|,NA
|,NA
LDAP,NA
the,NA
LDAP,NA
the,NA
the,NA
the,NA
Query,NA
The,NA
The,NA
Enabled,NA
LDAP,NA
If,NA
LDAP,NA
the,NA
LDAP,NA
the,NA
the,NA
the,NA
the,NA
the,NA
the,NA
the,NA
If,NA
the,NA
SSL,NA
the,NA
LDAP,NA
SSL,NA
the,NA
the,NA
the,NA
the,NA
Username,NA
the,NA
the,NA
the,NA
the,NA
the,NA
LDAP,NA
the,NA
the,NA
the,NA
the,NA
the,NA
the,NA
the,NA
LDAP,NA
the,NA
the,NA
the,NA
The,NA
Query,NA
the,NA
LDAP,NA
the,NA
the,NA
LDAP,NA
LDAP,NA
the,NA
the,NA
email,NA
the,NA
LDAP,NA
the,NA
the,NA
the,NA
email,NA
the,NA
LDAP,NA
LDAP,NA
The,NA
the,NA
the,NA
the,NA
The,NA
the,NA
the,NA
the,NA
the,NA
Group,NA
Query,NA
the,NA
Group,NA
Primary,NA
Group,NA
|,NA
IntroSpect,2.4
more,NA
IntroSpect,NA
LDAP,NA
The,NA
the,NA
LDAP,NA
the,NA
LDAP,NA
LDAP,NA
the,NA
LDAP,NA
the,NA
the,NA
the,NA
LDAP,NA
the,NA
the,NA
LDAP,NA
the,NA
LDAP,NA
Go,NA
System,NA
LDAP,NA
the,NA
AD,NA
the,NA
IntroSpect,NA
the,NA
Click,NA
the,NA
The,NA
the,NA
mail,NA
the,NA
Alert,NA
email,NA
email,NA
the,NA
mail,NA
mail,NA
The,NA
the,NA
mail,NA
Analyzer,NA
The,NA
the,NA
Analyzer,NA
The,NA
mail,NA
the,NA
System,NA
the,NA
the,NA
mail,NA
mail,NA
the,NA
mail,NA
email,NA
the,NA
email,NA
the,NA
the,NA
the,NA
the,NA
the,NA
the,NA
the,NA
Go,NA
System,NA
the,NA
Server,NA
the,NA
the,NA
mail,NA
IntroSpect,2.4
|,NA
|,NA
the,NA
the,NA
the,NA
the,NA
Enabled,NA
mail,NA
The,NA
mail,NA
mail,NA
the,NA
the,NA
the,NA
email,NA
the,NA
TLS,NA
the,NA
Linux,NA
the,NA
mail,NA
the,NA
the,NA
the,NA
the,NA
|,NA
mail,NA
email,NA
email,NA
email,NA
the,NA
email,NA
The,NA
button,NA
the,NA
System,NA
email,NA
Netflow,NA
The,NA
Netflow,NA
the,NA
Netflow,NA
IntroSpect,NA
The,NA
the,NA
Netflow,NA
If,NA
Netflow,NA
Subnet,NA
The,NA
Netflow,NA
Subnet,NA
the,NA
Netflow,NA
the,NA
the,NA
New,NA
the,NA
the,NA
Subnet,NA
the,NA
the,NA
Subnet,NA
the,NA
NTP,NA
The,NA
NTP,NA
NTP,NA
NTP,NA
the,NA
System,NA
NTP,NA
|,NA
IntroSpect,2.4
the,NA
NTP,NA
If,NA
the,NA
before,NA
NTP,NA
NTP,NA
On,NA
the,NA
the,NA
The,NA
the,NA
NTP,NA
the,NA
Analyzer,NA
the,NA
the,NA
The,NA
the,NA
IntroSpect,NA
email,NA
Alert,NA
Go,NA
System,NA
the,NA
Alert,NA
email,NA
the,NA
Alert,NA
Forwarding,NA
the,NA
the,NA
the,NA
CEF,NA
the,NA
the,NA
Alert,NA
the,NA
the,NA
the,NA
email,NA
the,NA
the,NA
the,NA
the,NA
Severity,NA
Alert,NA
the,NA
the,NA
The,NA
email,NA
the,NA
Alert,NA
the,NA
the,NA
The,NA
email,NA
the,NA
the,NA
email,NA
the,NA
email,NA
email,NA
the,NA
the,NA
the,NA
email,NA
The,NA
email,NA
the,NA
the,NA
the,NA
the,NA
the,NA
the,NA
All,NA
the,NA
UTC,NA
IntroSpect,2.4
|,NA
|,NA
If,NA
the,NA
the,NA
If,NA
the,NA
email,NA
The,NA
the,NA
the,NA
If,NA
Go,NA
System,NA
the,NA
the,NA
the,NA
the,NA
the,NA
The,NA
the,NA
the,NA
the,NA
the,NA
the,NA
BOM,NA
the,NA
the,NA
TCP,NA
the,NA
Enabled,NA
the,NA
Click,NA
10.Repeat,NA
The,NA
the,NA
the,NA
the,NA
The,NA
the,NA
Analyzer,NA
the,NA
the,NA
The,NA
the,NA
Linux,NA
the,NA
the,NA
Linux,NA
The,NA
the,NA
the,NA
Go,NA
the,NA
the,NA
the,NA
the,NA
the,NA
the,NA
UTC,NA
Click,NA
|,NA
IntroSpect,2.4
The,NA
Web,NA
Internet,NA
the,NA
Aruba,NA
the,NA
IOC,NA
System,NA
Web,NA
Internet,NA
Internet,NA
IntroSpect,NA
the,NA
Internet,NA
Web,NA
Go,NA
Web,NA
the,NA
Web,NA
Server,NA
If,NA
the,NA
the,NA
the,NA
Enabled,NA
the,NA
the,NA
The,NA
the,NA
the,NA
The,NA
the,NA
the,NA
IntroSpect,2.4
|,NA
|,NA
Username,NA
Username,NA
the,NA
the,NA
the,NA
IntroSpect,NA
the,NA
the,NA
the,NA
Senior,NA
2FA,NA
Enabled,NA
Enabled,NA
extra,NA
LDAP,NA
Enabled,NA
LDAP,NA
Enabled,NA
the,NA
Enabled,NA
the,NA
the,NA
the,NA
Adding,NA
New,NA
Go,NA
Click,NA
the,NA
the,NA
the,NA
the,NA
Username,NA
the,NA
the,NA
the,NA
the,NA
The,NA
the,NA
the,NA
the,NA
the,NA
the,NA
the,NA
the,NA
the,NA
the,NA
The,NA
|,NA
IntroSpect,2.4
Senior,NA
Click,NA
Editing,NA
the,NA
Go,NA
the,NA
Click,NA
the,NA
the,NA
Username,NA
The,NA
the,NA
the,NA
Username,NA
the,NA
the,NA
the,NA
the,NA
The,NA
Senior,NA
the,NA
2FA,NA
Enabled,NA
the,NA
2FA,NA
extra,NA
the,NA
the,NA
The,NA
Custom,NA
the,NA
Click,NA
Editing,NA
the,NA
more,NA
Go,NA
Click,NA
the,NA
the,NA
the,NA
the,NA
the,NA
the,NA
the,NA
the,NA
Click,NA
the,NA
Click,NA
the,NA
Click,NA
OK,NA
IntroSpect,2.4
|,NA
|,NA
the,NA
the,NA
the,NA
the,NA
The,NA
the,NA
the,NA
the,NA
the,NA
The,NA
the,NA
the,NA
the,NA
Go,NA
the,NA
the,NA
Click,NA
the,NA
button,NA
browse,NA
the,NA
the,NA
Click,NA
The,NA
the,NA
Analyzer,NA
Hover,NA
the,NA
The,NA
Restart,NA
the,NA
the,NA
the,NA
the,NA
Restart,NA
the,NA
Removes,NA
Reboot?stops,NA
the,NA
the,NA
the,NA
Reboots,NA
Click,NA
Restart,NA
|,NA
IntroSpect,2.4
the,NA
the,NA
Click,NA
Restart,NA
The,NA
the,NA
ETL,NA
the,NA
The,NA
ETL,NA
the,NA
the,NA
The,NA
New,NA
the,NA
Analyzer,NA
Restart,NA
the,NA
the,NA
the,NA
the,NA
the,NA
the,NA
Configuration?Analytics,NA
The,NA
Analytics,NA
The,NA
Analytics,NA
the,NA
IntroSpect,NA
The,NA
Analytics,NA
the,NA
DNS,NA
Server,NA
Web,NA
IP,NA
Subnet,NA
Subnet,NA
The,NA
The,NA
Analytics,NA
the,NA
AD,NA
the,NA
IntroSpect,2.4
|,NA
|,NA
AD,NA
AD,NA
the,NA
the,NA
AD,NA
Go,NA
Analytics,NA
Figure,NA
Analytics,NA
Click,NA
the,NA
the,NA
the,NA
the,NA
the,NA
the,NA
Click,NA
the,NA
the,NA
Click,NA
the,NA
Click,NA
the,NA
Click,NA
Configuration?Watchlists,NA
The,NA
the,NA
the,NA
the,NA
the,NA
the,NA
The,NA
|,NA
IntroSpect,2.4
Watchlist,NA
The,NA
the,NA
the,NA
the,NA
the,NA
the,NA
the,NA
Public,NA
the,NA
the,NA
Adding,NA
New,NA
Watchlist,NA
Go,NA
Click,NA
the,NA
New,NA
Watchlist,NA
the,NA
the,NA
The,NA
New,NA
Watchlist,NA
Figure,NA
New,NA
Watchlist,NA
the,NA
the,NA
the,NA
the,NA
the,NA
the,NA
the,NA
Manually,NA
the,NA
IP,NA
IntroSpect,2.4
|,NA
|,NA
the,NA
the,NA
the,NA
the,NA
the,NA
Click,NA
OK,NA
Editing,NA
Watchlist,NA
Go,NA
the,NA
Click,NA
the,NA
the,NA
The,NA
Watchlist,NA
the,NA
the,NA
Click,NA
OK,NA
Configuration?Log,NA
Sources,NA
The,NA
Sources,NA
The,NA
Configuration?Threat,NA
The,NA
the,NA
organization?s,NA
the,NA
the,NA
the,NA
Analyzer,NA
the,NA
IntroSpect,NA
the,NA
IntroSpect,NA
IntroSpect,NA
the,NA
|,NA
IntroSpect,2.4
New,NA
the,NA
Go,NA
Click,NA
New,NA
The,NA
New,NA
the,NA
IntroSpect,NA
The,NA
the,NA
IntroSpect,NA
the,NA
TAXII,NA
the,NA
New,NA
The,NA
the,NA
the,NA
the,NA
the,NA
Username,NA
SSL,NA
the,NA
the,NA
the,NA
the,NA
Click,NA
the,NA
The,NA
the,NA
New,NA
Click,NA
OK,NA
the,NA
New,NA
the,NA
The,NA
the,NA
the,NA
Editing,NA
Existing,NA
Go,NA
Existing,NA
Click,NA
The,NA
the,NA
the,NA
Click,NA
The,NA
the,NA
the,NA
the,NA
the,NA
the,NA
the,NA
the,NA
Click,NA
the,NA
The,NA
the,NA
Click,NA
OK,NA
the,NA
the,NA
The,NA
the,NA
the,NA
IntroSpect,2.4
|,NA
|,NA
The,NA
Remote,NA
the,NA
IntroSpect,NA
IntroSpect,NA
before,NA
Remote,NA
Analyzer,NA
the,NA
the,NA
Linux,NA
Go,NA
Remote,NA
Click,NA
the,NA
Remote,NA
button,NA
SSL,NA
AWS,NA
the,NA
the,NA
the,NA
the,NA
Aruba,NA
the,NA
the,NA
Public,NA
SSH,NA
Aruba,NA
Remote,NA
the,NA
the,NA
SSH,NA
Click,NA
the,NA
the,NA
the,NA
AWS,NA
Aruba,NA
the,NA
SSH,NA
the,NA
SSH,NA
the,NA
ideal,NA
Click,NA
The,NA
the,NA
button,NA
the,NA
the,NA
the,NA
SSH,NA
the,NA
Linux,NA
the,NA
Configuration?API,NA
The,NA
external,NA
On,NA
API,NA
external,NA
IntroSpect,NA
Analyzer,NA
The,NA
OAuth,NA
the,NA
Setting,NA
external,NA
the,NA
REST,NA
API,NA
the,NA
The,NA
the,NA
IntroSpect,NA
ID,NA
the,NA
REST,NA
Creating,NA
New,NA
API,NA
|,NA
IntroSpect,2.4
the,NA
the,NA
Aruba,NA
the,NA
the,NA
the,NA
the,NA
the,NA
Creating,NA
New,NA
API,NA
API,NA
Go,NA
API,NA
Click,NA
the,NA
New,NA
the,NA
the,NA
The,NA
New,NA
Click,NA
OAuth,NA
Analyzer,NA
OAuth,NA
the,NA
The,NA
the,NA
Aruba,NA
Configuration?Features,NA
The,NA
the,NA
IntroSpect,NA
the,NA
the,NA
IntroSpect,NA
the,NA
the,NA
the,NA
Rules,NA
the,NA
Configuration?Processor,NA
The,NA
the,NA
the,NA
Analyzer,NA
IntroSpect,NA
before,NA
the,NA
the,NA
IntroSpect,NA
the,NA
the,NA
the,NA
Analyzer,NA
the,NA
the,NA
IntroSpect,NA
Go,NA
Click,NA
the,NA
the,NA
the,NA
the,NA
System,NA
more,NA
IntroSpect,2.4
|,NA
|,NA
the,NA
BULK,NA
the,NA
the,NA
the,NA
Click,NA
the,NA
the,NA
Analyzer,NA
Click,NA
the,NA
OK,NA
the,NA
the,NA
|,NA
IntroSpect,2.4
Analytics,NA
the,NA
the,NA
Analytics,NA
the,NA
Analyzer,NA
The,NA
Analytics,NA
the,NA
cases,NA
the,NA
cases,NA
the,NA
the,NA
the,NA
The,NA
Cases,NA
Working,NA
Cases,NA
Creating,NA
New,NA
Cases,NA
Custom,NA
Cases,NA
Resulting,NA
Figure,NA
Analytics,NA
Cases,NA
case,NA
behavior,NA
external,NA
cases,NA
the,NA
cases,NA
entity,NA
behavior,NA
the,NA
cases,NA
the,NA
IntroSpect,2.4
|,NA
Analytics,NA
|,NA
Behavioral?A,NA
case,NA
behavior,NA
the,NA
baseline,NA
the,NA
the,NA
Figure,NA
case,NA
the,NA
case,NA
more,NA
the,NA
case,NA
Figure,NA
Figure,NA
Case,NA
Figure,NA
Case,NA
Case,NA
IntroSpect,NA
cases,NA
The,NA
Case,NA
the,NA
the,NA
Analytics,NA
IntroSpect?These,NA
cases,NA
the,NA
Custom?These,NA
Case,NA
cases,NA
Figure,NA
the,NA
|,NA
Analytics,NA
IntroSpect,2.4
Case,NA
Case,NA
The,NA
case,NA
the,NA
The,NA
baseline,NA
the,NA
entity,NA
the,NA
There,NA
the,NA
the,NA
entity,NA
The,NA
The,NA
The,NA
case,NA
case,NA
cases,NA
Custom,NA
The,NA
case,NA
the,NA
the,NA
The,NA
the,NA
the,NA
the,NA
the,NA
case,NA
the,NA
entity,NA
the,NA
Click,NA
Statistics,NA
IntroSpect,2.4
|,NA
Analytics,NA
|,NA
Case,NA
Figure,NA
the,NA
the,NA
case,NA
the,NA
the,NA
case,NA
the,NA
the,NA
the,NA
Figure,NA
the,NA
the,NA
button,NA
the,NA
the,NA
Figure,NA
Figure,NA
the,NA
the,NA
cases,NA
the,NA
Figure,NA
the,NA
the,NA
the,NA
|,NA
Analytics,NA
IntroSpect,2.4
Case,NA
cases,NA
the,NA
case,NA
the,NA
the,NA
example,NA
Figure,NA
the,NA
case,NA
Figure,NA
more,NA
Adding,NA
Case,NA
Case,NA
The,NA
the,NA
the,NA
case,NA
the,NA
mouse-,NA
the,NA
the,NA
IntroSpect,2.4
|,NA
Analytics,NA
|,NA
Case,NA
Statistics,NA
The,NA
Statistics,NA
the,NA
case,NA
the,NA
The,NA
the,NA
the,NA
the,NA
The,NA
the,NA
The,NA
the,NA
The,NA
the,NA
The,NA
the,NA
the,NA
the,NA
the,NA
the,NA
case,NA
the,NA
the,NA
the,NA
the,NA
the,NA
entity,NA
the,NA
the,NA
behavior,NA
the,NA
MUTE,NA
the,NA
Case,NA
the,NA
the,NA
|,NA
Analytics,NA
IntroSpect,2.4
Statistics,NA
Working,NA
Cases,NA
The,NA
Analytics,NA
cases,NA
The,NA
the,NA
Analytics,NA
Searching,NA
Case,NA
Cases,NA
Adding,NA
Case,NA
Editing,NA
Existing,NA
Case,NA
Case,NA
Edits,NA
Cases,NA
Searching,NA
Case,NA
the,NA
Analytics,NA
the,NA
cases,NA
the,NA
case,NA
the,NA
cases,NA
the,NA
the,NA
the,NA
the,NA
the,NA
the,NA
cases,NA
the,NA
The,NA
the,NA
the,NA
the,NA
Selecting,NA
the,NA
the,NA
The,NA
Case,NA
IntroSpect,NA
cases,NA
the,NA
Custom,NA
cases,NA
Alert,NA
IntroSpect,2.4
|,NA
Analytics,NA
|,NA
105,NA
Case,NA
cases,NA
Baseline?Entity,NA
behavior,NA
Status?Enabled,NA
cases,NA
the,NA
case,NA
the,NA
the,NA
case,NA
c.,NA
the,NA
button,NA
the,NA
the,NA
the,NA
the,NA
Severity,NA
Case,NA
Cases,NA
On,NA
the,NA
Analytics,NA
the,NA
case,NA
Searching,NA
Case,NA
more,NA
case,NA
the,NA
Click,NA
the,NA
the,NA
the,NA
case,NA
Enabled,NA
case,NA
The,NA
case,NA
the,NA
Adding,NA
Case,NA
On,NA
the,NA
Analytics,NA
the,NA
case,NA
Searching,NA
Case,NA
more,NA
Click,NA
The,NA
Case,NA
the,NA
the,NA
the,NA
NOT,NA
IP,NA
the,NA
Click,NA
The,NA
the,NA
case,NA
the,NA
|,NA
Analytics,NA
IntroSpect,2.4
Existing,NA
Case,NA
the,NA
cases,NA
the,NA
On,NA
the,NA
Analytics,NA
the,NA
case,NA
Searching,NA
Case,NA
more,NA
the,NA
the,NA
the,NA
the,NA
the,NA
button,NA
the,NA
case,NA
the,NA
case,NA
Figure,NA
Group,NA
the,NA
the,NA
the,NA
Severity,NA
the,NA
The,NA
the,NA
entity,NA
Figure,NA
Severity,NA
Click,NA
the,NA
the,NA
the,NA
case,NA
the,NA
case,NA
the,NA
the,NA
cases,NA
the,NA
the,NA
button,NA
the,NA
the,NA
the,NA
the,NA
case,NA
the,NA
Case,NA
Adding,NA
the,NA
Case,NA
case,NA
case,NA
the,NA
IntroSpect,2.4
|,NA
Analytics,NA
|,NA
cases,NA
the,NA
On,NA
the,NA
Analytics,NA
the,NA
cases,NA
Searching,NA
Case,NA
more,NA
the,NA
case,NA
the,NA
Clone,NA
the,NA
Figure,NA
Case,NA
Clone,NA
Click,NA
the,NA
Clone,NA
The,NA
case,NA
the,NA
case,NA
the,NA
Figure,NA
Editing,NA
the,NA
Case,NA
the,NA
Click,NA
Edits,NA
Cases,NA
the,NA
Analytics,NA
cases,NA
common,NA
the,NA
button,NA
the,NA
the,NA
cases,NA
Edits,NA
Selecting,NA
Cases,NA
cases,NA
On,NA
the,NA
Analytics,NA
the,NA
cases,NA
Searching,NA
Case,NA
more,NA
the,NA
the,NA
case,NA
cases,NA
the,NA
the,NA
|,NA
Analytics,NA
IntroSpect,2.4
Cases,NA
the,NA
the,NA
the,NA
the,NA
Click,NA
The,NA
the,NA
bulk,NA
the,NA
Continue,NA
The,NA
the,NA
the,NA
the,NA
case,NA
IntroSpect,NA
cases,NA
the,NA
the,NA
Alert,NA
the,NA
Alert,NA
Severity,NA
the,NA
the,NA
bulk,NA
Edits,NA
Using,NA
the,NA
bulk,NA
the,NA
button,NA
the,NA
the,NA
Analytics,NA
IntroSpect,2.4
|,NA
Analytics,NA
|,NA
On,NA
the,NA
Analytics,NA
the,NA
cases,NA
the,NA
the,NA
the,NA
Searching,NA
Case,NA
more,NA
Click,NA
the,NA
button,NA
the,NA
the,NA
the,NA
Search,NA
Figure,NA
the,NA
Analytics,NA
Click,NA
the,NA
cases,NA
Cases,NA
the,NA
the,NA
the,NA
Figure,NA
31,NA
Edits?All,NA
Cases,NA
Continue,NA
the,NA
the,NA
bulk,NA
Creating,NA
New,NA
Cases,NA
cases,NA
Adding,NA
New,NA
Alert,NA
Case,NA
cases,NA
cases,NA
the,NA
behavior,NA
baseline,NA
110,NA
|,NA
Analytics,NA
IntroSpect,2.4
On,NA
the,NA
Analytics,NA
New,NA
the,NA
the,NA
Alert,NA
the,NA
case,NA
the,NA
the,NA
New,NA
Case,NA
the,NA
the,NA
Alert,NA
the,NA
the,NA
the,NA
case,NA
Alert,NA
the,NA
the,NA
the,NA
the,NA
the,NA
case,NA
Severity,NA
the,NA
the,NA
the,NA
the,NA
the,NA
the,NA
the,NA
the,NA
the,NA
the,NA
the,NA
the,NA
entity,NA
case,NA
Alert,NA
the,NA
the,NA
The,NA
the,NA
Alert,NA
the,NA
the,NA
behavior,NA
All,NA
Alerts?All,NA
the,NA
the,NA
Click,NA
Adding,NA
New,NA
Case,NA
On,NA
the,NA
Analytics,NA
New,NA
the,NA
the,NA
the,NA
the,NA
case,NA
the,NA
IntroSpect,2.4
|,NA
Analytics,NA
|,NA
New,NA
Case,NA
the,NA
case,NA
the,NA
Alert,NA
the,NA
the,NA
the,NA
case,NA
Alert,NA
the,NA
the,NA
the,NA
the,NA
the,NA
case,NA
Severity,NA
the,NA
the,NA
the,NA
the,NA
the,NA
the,NA
Query,NA
Alert,NA
the,NA
the,NA
IP,NA
the,NA
The,NA
the,NA
entity,NA
the,NA
the,NA
case,NA
the,NA
the,NA
the,NA
the,NA
the,NA
the,NA
the,NA
the,NA
the,NA
Case,NA
the,NA
case,NA
more,NA
the,NA
case,NA
the,NA
case,NA
Click,NA
Custom,NA
Cases,NA
Resulting,NA
cases,NA
Custom,NA
cases,NA
case,NA
Case,NA
AD,NA
Figure,NA
AD,NA
case,NA
The,NA
case,NA
Figure,NA
|,NA
Analytics,NA
IntroSpect,2.4
Custom,NA
Case,NA
Figure,NA
Alert,NA
Custom,NA
Case,NA
Case,NA
Figure,NA
case,NA
HTTP,NA
The,NA
case,NA
Figure,NA
IntroSpect,2.4
|,NA
Analytics,NA
|,NA
Custom,NA
Case,NA
Figure,NA
Alert,NA
Custom,NA
Case,NA
Case,NA
Figure,NA
email,NA
case,NA
email,NA
The,NA
case,NA
Figure,NA
|,NA
Analytics,NA
IntroSpect,2.4
Custom,NA
Case,NA
Figure,NA
Alert,NA
Custom,NA
Case,NA
Case,NA
Figure,NA
case,NA
The,NA
case,NA
Figure,NA
IntroSpect,2.4
|,NA
Analytics,NA
|,NA
Custom,NA
Alert,NA
Case,NA
Figure,NA
Alert,NA
Custom,NA
Alert,NA
Case,NA
Case,NA
VPN,NA
Figure,NA
VPN,NA
case,NA
Custom,NA
The,NA
case,NA
Figure,NA
|,NA
Analytics,NA
IntroSpect,2.4
Custom,NA
VPN,NA
Case,NA
Figure,NA
Alert,NA
Custom,NA
VPN,NA
Case,NA
The,NA
Analytics,NA
On,NA
the,NA
Go,NA
Analytics,NA
The,NA
Click,NA
The,NA
IntroSpect,2.4
|,NA
Analytics,NA
|,NA
the,NA
Enabled,NA
Server,NA
Group,NA
the,NA
Server,NA
Severity,NA
the,NA
IP,NA
the,NA
the,NA
the,NA
baseline,NA
the,NA
the,NA
entity,NA
the,NA
Go,NA
Analytics,NA
The,NA
Click,NA
The,NA
|,NA
Analytics,NA
IntroSpect,2.4
the,NA
Enabled,NA
the,NA
the,NA
New,NA
email,NA
Go,NA
Analytics,NA
The,NA
Click,NA
The,NA
Figure,NA
the,NA
IntroSpect,2.4
|,NA
Analytics,NA
|,NA
Enabled,NA
the,NA
email,NA
|,NA
Analytics,NA
IntroSpect,2.4
